<?xml version="1.0" encoding="UTF-8"?>
<databaseChangeLog
	xmlns="http://www.liquibase.org/xml/ns/dbchangelog"
	xmlns:xsi="http://www.w3.org/2001/XMLSchema-instance"
	xsi:schemaLocation="http://www.liquibase.org/xml/ns/dbchangelog
                      http://www.liquibase.org/xml/ns/dbchangelog/dbchangelog-3.8.xsd">
	<changeSet id="changelog-1.3" author="roma"
		objectQuotingStrategy="LEGACY">
		<!--СТАНДАРТ юзвери -->

		<update tableName="user">
<!-- 			<column name="id" value="13" /> -->
			<column name="enabled" valueBoolean="true" />
			<where> id='13'</where>
		</update>

		<insert tableName="type_event">
			<column name="id" value="1" />
			<column name="event_name" value="превышение давления" />
		</insert>

		<insert tableName="type_event">
			<column name="id" value="2" />
			<column name="event_name" value="снижение давления" />
		</insert>

		<insert tableName="type_event">
			<column name="id" value="3" />
			<column name="event_name" value="регистрация пользователя" />
		</insert>

		<insert tableName="type_event">
			<column name="id" value="4" />
			<column name="event_name" value="вход пользователя" />
		</insert>

		<insert tableName="type_event">
			<column name="id" value="5" />
			<column name="event_name" value="выход пользователя" />
		</insert>

		<insert tableName="type_event">
			<column name="id" value="6" />
			<column name="event_name" value="выход пользователя" />
		</insert>

		<insert tableName="type_event">
			<column name="id" value="7" />
			<column name="event_name" value="запуск приложения" />
		</insert>

		<insert tableName="type_event">
			<column name="id" value="8" />
			<column name="event_name" value="останов приложения" />
		</insert>

	</changeSet>

</databaseChangeLog>                