<?xml version="1.0" encoding="UTF-8"?>
<configuration>

	<property name="DEV_HOME" value="../../log" />

	<appender name="STDOUT"
		class="ch.qos.logback.core.ConsoleAppender">
		<layout class="ch.qos.logback.classic.PatternLayout">
			<Pattern>
				%d{yyyy-MM-dd HH:mm:ss} [%thread] %-5level %logger{36} - %msg%n
			</Pattern>
		</layout>
	</appender>

	<appender name="FILE-AUDIT"
		class="ch.qos.logback.core.rolling.RollingFileAppender">
		<file>${DEV_HOME}/app.log</file>
		<encoder
			class="ch.qos.logback.classic.encoder.PatternLayoutEncoder">
			<Pattern>
				%d{HH:mm:ss.SSS} %-5level -- %msg%n
			</Pattern>
		</encoder>

		<rollingPolicy
			class="ch.qos.logback.core.rolling.TimeBasedRollingPolicy">
			<!-- rollover daily -->
			<fileNamePattern>${DEV_HOME}/archived/app.%d{yyyy-MM-dd}.%i.log
			</fileNamePattern>
			<timeBasedFileNamingAndTriggeringPolicy
				class="ch.qos.logback.core.rolling.SizeAndTimeBasedFNATP">
				<maxFileSize>10MB</maxFileSize>
			</timeBasedFileNamingAndTriggeringPolicy>
		</rollingPolicy>

	</appender>

	<root level="info">
		<appender-ref ref="STDOUT" />
	</root>

	<root level="debug">
		<appender-ref ref="STDOUT" />
		<appender-ref ref="FILE-AUDIT" />
	</root>
</configuration>