<?xml version="1.0" encoding="UTF-8"?>
<databaseChangeLog
	xmlns="http://www.liquibase.org/xml/ns/dbchangelog"
	xmlns:xsi="http://www.w3.org/2001/XMLSchema-instance"
	xsi:schemaLocation="http://www.liquibase.org/xml/ns/dbchangelog
                      http://www.liquibase.org/xml/ns/dbchangelog/dbchangelog-3.8.xsd">
	<changeSet id="changelog-1.2" author="roma"
		objectQuotingStrategy="LEGACY">
		<!--СТАНДАРТ юзвери -->
		<insert tableName="role">
			<column name="id" value="5" />
			<column name="role" value="ROLE_DEVELOPER" />
		</insert>
		<insert tableName="role">
			<column name="id" value="3" />
			<column name="role" value="ROLE_ENGINEER" />
		</insert>
		<insert tableName="role">
			<column name="id" value="2" />
			<column name="role" value="ROLE_OPERATOR" />
		</insert>
		<insert tableName="role">
			<column name="id" value="1" />
			<column name="role" value="ROLE_VIEWER" />
		</insert>
		<insert tableName="role">
			<column name="id" value="4" />
			<column name="role" value="ROLE_ADMIN" />
		</insert>
		<insert tableName="user">
			<column name="id" value="13" />
			<column name="login" value="Roma" />
			<column name="password"
				value="$2a$10$DRK1.kPrvPkTAD6q6Fgwm.Jm2EZR8EIrUl1ZisJ9aHCCc9khZBIpi" />
			<column name="info" value="developer of this ВУНДНРВАФЛЯ" />
			<column name="email" value="andromanko@gmail.com" />
			<!-- <column name="enabled" valueBoolean="TRUE" /> -->
		</insert>
		<insert tableName="user_role">
			<column name="user_id" value="13" />
			<column name="role_id" value="5" />
		</insert>
		<insert tableName="dev_type">
			<column name="id" value="1" />
			<column name="description" value="modbus tcp" />
			<column name="type" value="standart" />
		</insert>
		<insert tableName="device">
			<column name="id" value="1" />
			<column name="dev_name"
				value="контроллер водокачки д.Большевик Гомельского района" />
			<column name="type_id" value="1" />
			<column name="IP" value="128.65.22.153" />
			<column name="port" value="502" />
			<column name="addr" value="0" />
		</insert>
		<insert tableName="dev_type">
			<column name="id" value="2" />
			<column name="description" value="FX5U PLC" />
			<column name="type" value="FX5U standart" />
		</insert>
		<insert tableName="device">
			<column name="id" value="2" />
			<column name="dev_name"
				value="контроллер КНС подкачки г. Мозырь" />
			<column name="type_id" value="1" />
			<column name="IP" value="128.65.22.153" />
			<column name="port" value="502" />
			<column name="addr" value="0" />
		</insert>
		<insert tableName="dev_type">
			<column name="id" value="3" />
			<column name="description" value="web" />
			<column name="type" value="blockchain.info" />
		</insert>
		<insert tableName="device">
			<column name="id" value="3" />
			<column name="dev_name" value="данные с blockchain TEST" />
			<column name="type_id" value="1" />
			<column name="IP" value="104.16.40.77" />
			<column name="port" value="8080" />
			<column name="addr" value="0" />
		</insert>

		<insert tableName="type_event">
			<column name="id" value="1" />
			<column name="event_name" value="превышение давления" />
		</insert>
		<insert tableName="type_event">
			<column name="id" value="2" />
			<column name="event_name" value="снижение давления" />
		</insert>

		<insert tableName="value">
			<column name="id" value="1" />
			<column name="name" value="давление в сети" />
			<column name="units" value="МПа" />
			<column name="dev_id" value="1" />
			<column name="addr" value="42080" />
			<column name="max" value="0.32" />
			<column name="max_ms" value="100" />
			<column name="max_event_id" value="1" />
			<column name="min" value="0.25" />
			<column name="min_ms" value="100000" />
			<column name="min_event_id" value="2" />
		</insert>

		<insert tableName="value">
			<column name="id" value="2" />
			<column name="name" value="давление в сети" />
			<column name="units" value="МПа" />
			<column name="dev_id" value="2" />
			<column name="addr" value="42081" />
			<column name="max" value="0.32" />
			<column name="max_ms" value="100" />
			<column name="max_event_id" value="1" />
			<column name="min" value="0.25" />
			<column name="min_ms" value="100000" />
			<column name="min_event_id" value="2" />
		</insert>


	</changeSet>

</databaseChangeLog>                